study_period,severe_ards,site,n_hospitals,n_patients,n_proned_12_hr,proned_12_hr_percent,standard_error_12,n_proned_24_hr,proned_24_hr_percent,standard_error_24,n_proned_72_hr,proned_72_hr_percent,standard_error_72,n_proned_all,proned_percent_all,standard_error_all
COVID,0,Hopkins,5,131,53,0.40458015267175573,0.042882321909322584,56,0.42748091603053434,0.04322327815547508,61,0.46564885496183206,0.043581983709793,71,0.5419847328244275,0.04353092102827523
COVID,1,Hopkins,5,453,178,0.39293598233995586,0.02294716535046083,202,0.445916114790287,0.023354213301710072,242,0.5342163355408388,0.023436977744334387,271,0.5982339955849889,0.023034194856696548
Post-COVID,0,Hopkins,5,80,11,0.1375,0.0385022320781536,12,0.15,0.03992179855667828,15,0.1875,0.04363825013677794,17,0.2125,0.045736165941189254
Post-COVID,1,Hopkins,5,252,41,0.1626984126984127,0.02325050257212663,43,0.17063492063492064,0.023697719776352988,46,0.18253968253968253,0.024333899768194767,48,0.19047619047619047,0.024736308649967606
Pre-COVID,0,Hopkins,5,45,4,0.08888888888888889,0.04242317352081883,4,0.08888888888888889,0.04242317352081883,4,0.08888888888888889,0.04242317352081883,4,0.08888888888888889,0.04242317352081883
Pre-COVID,1,Hopkins,5,203,16,0.07881773399014778,0.01891196858233281,22,0.10837438423645321,0.021817579692408485,24,0.11822660098522167,0.0226614700679133,29,0.14285714285714285,0.02456006807405369
