strata,variable,n,miss,p.miss,mean,sd,median,p25,p75,min,max,skew,kurt
Overall,hosp_los_days,1164,2,0.1718213058419244,21.682496055651175,31.07750882506921,13.409375,5.003645833333334,27.199131944444446,0.05416666666666667,549.2847222222222,7.196605435153298,93.97545075977396
Overall,vfds_day28,1164,7,0.6013745704467355,6.721694036300778,9.5477485833107,0,0,16,0,27,0.9126436239947198,-0.8999519057241819
COVID,hosp_los_days,584,0,0,26.768683409436836,37.65880200513197,18.272916666666667,8.003993055555554,32.39253472222222,0.24375,549.2847222222222,7.240815579235844,81.63839757111703
COVID,vfds_day28,584,1,0.17123287671232876,6.0977701543739276,8.94729000623492,0,0,14,0,27,1.015327880055481,-0.6651451524217801
Post-COVID,hosp_los_days,332,2,0.6024096385542169,17.166835016835016,22.921013983468317,10.611458333333333,2.845833333333333,22.37638888888889,0.05416666666666667,169.14791666666667,3.264988915302778,14.020042984353875
Post-COVID,vfds_day28,332,6,1.8072289156626504,7.6656441717791415,10.14791455873857,0,0,18,0,27,0.7305722552674168,-1.244046917769393
Pre-COVID,hosp_los_days,248,0,0,15.714087701612904,19.1928704123317,9.800347222222221,3.317361111111111,19.17690972222222,0.3076388888888889,107.7375,2.4102890003655633,6.571191642839708
Pre-COVID,vfds_day28,248,0,0,6.94758064516129,10.018266423848939,0,0,17,0,27,0.9082470344269782,-0.9549783047070171
