study_period,ards_icd_10,site,n_hospitals,n_patients,n_proned_12_hr,proned_12_hr_percent,standard_error_12,n_proned_24_hr,proned_24_hr_percent,standard_error_24,n_proned_72_hr,proned_72_hr_percent,standard_error_72,n_proned_all,proned_percent_all,standard_error_all
COVID,0,Hopkins,5,167,20,0.11976047904191617,0.02512458855999007,23,0.1377245508982036,0.026666772589645237,28,0.16766467065868262,0.028907578194574478,34,0.20359281437125748,0.03115950660940583
COVID,1,Hopkins,5,417,211,0.5059952038369304,0.024483345170170506,235,0.5635491606714629,0.024286534158540183,275,0.6594724220623501,0.02320632855269971,308,0.7386091127098321,0.02151713896829407
Post-COVID,0,Hopkins,5,172,4,0.023255813953488372,0.011491903386087495,4,0.023255813953488372,0.011491903386087495,6,0.03488372093023256,0.013990621224029642,6,0.03488372093023256,0.013990621224029642
Post-COVID,1,Hopkins,5,160,48,0.3,0.036228441865473596,51,0.31875,0.036839893245977244,55,0.34375,0.03754879637718099,59,0.36875,0.03814228604023361
Pre-COVID,0,Hopkins,5,169,9,0.05325443786982249,0.017272340428775856,9,0.05325443786982249,0.017272340428775856,11,0.0650887573964497,0.018975569945995294,13,0.07692307692307693,0.02049764269312281
Pre-COVID,1,Hopkins,5,79,11,0.13924050632911392,0.03895024215103648,17,0.21518987341772153,0.04623593755371157,17,0.21518987341772153,0.04623593755371157,20,0.25316455696202533,0.048921567822699345
