site,n_hospitals,study_period,n_patients,n_proned_12_hr,proned_12_hr_percent,n_proned,proned_percent,standard_error
Hopkins,5,COVID,538,193,0.3587360594795539,266,0.4944237918215613,0.020678297942000292
Hopkins,5,Post-COVID,246,35,0.14227642276422764,46,0.18699186991869918,0.022272685730120038
Hopkins,5,Pre-COVID,329,19,0.057750759878419454,30,0.0911854103343465,0.012860676098159725
