site,n_hospitals,study_period,n_patients,n_proned_12_hr,proned_12_hr_percent,standard_error_12,n_proned_24_hr,proned_24_hr_percent,standard_error_24,n_proned_72_hr,proned_72_hr_percent,standard_error_72,n_proned_all,proned_percent_all,standard_error_all
Hopkins,5,COVID,670,255,0.3805970149253731,0.01875780144785409,279,0.4164179104477612,0.019044881566701168,320,0.47761194029850745,0.019297311497177737,357,0.5328358208955224,0.01927498606639902
Hopkins,5,Post-COVID,282,41,0.1453900709219858,0.020990693496705737,44,0.15602836879432624,0.021609322663556297,48,0.1702127659574468,0.022379732176203305,54,0.19148936170212766,0.023430990121516587
Hopkins,5,Pre-COVID,374,23,0.06149732620320856,0.01242253053533146,29,0.07754010695187166,0.013829330100603372,31,0.08288770053475936,0.014256749000796418,37,0.09893048128342247,0.015438617560618213
