study_period,ards_icd_10,site,n_hospitals,n_patients,n_proned_12_hr,proned_12_hr_percent,standard_error_12,n_proned_24_hr,proned_24_hr_percent,standard_error_24,n_proned_72_hr,proned_72_hr_percent,standard_error_72,n_proned_all,proned_percent_all,standard_error_all
COVID,0,Hopkins,5,310,87,0.2806451612903226,0.025519344638076816,99,0.3193548387096774,0.026479896556078606,118,0.38064516129032255,0.027577130688692903,135,0.43548387096774194,0.028160694931324736
COVID,1,Hopkins,5,274,144,0.5255474452554745,0.030166649543409443,159,0.5802919708029197,0.029814095489730044,185,0.6751824817518248,0.028291438059451734,207,0.7554744525547445,0.025965502386894906
Post-COVID,0,Hopkins,5,235,21,0.08936170212765958,0.018608644561807546,23,0.09787234042553192,0.01938340433015356,26,0.11063829787234042,0.02046246848903868,28,0.11914893617021277,0.021133060434256903
Post-COVID,1,Hopkins,5,97,31,0.31958762886597936,0.047347299462697064,32,0.32989690721649484,0.04773908228676304,35,0.36082474226804123,0.04876096203849991,37,0.38144329896907214,0.049319525068643226
Pre-COVID,0,Hopkins,5,199,11,0.05527638190954774,0.0161992777791331,12,0.06030150753768844,0.0168745349053898,14,0.07035175879396985,0.018128850494282447,18,0.09045226130653267,0.020332740848379834
Pre-COVID,1,Hopkins,5,49,9,0.1836734693877551,0.05531681038195416,14,0.2857142857142857,0.06453627877894652,14,0.2857142857142857,0.06453627877894652,15,0.30612244897959184,0.06584017370633362
