"","coef_(Intercept)","coef_age_scale","coef_female","coef_bmi","coef_factor(nee_pressor_dose)1","coef_factor(nee_pressor_dose)2","coef_sofa_score_scale","coef_min_pf_ratio_scale"
"1",-0.92514468805858,0.00120550511018455,-0.0416040335016823,0.00101041816580631,0.736467154005233,0.113008130052466,-0.369669883884767,-0.0273334696011055
