"","coef_(Intercept)","coef_age_scale","coef_female","coef_bmi","coef_factor(nee_pressor_dose)1","coef_factor(nee_pressor_dose)2","coef_sofa_score_scale","coef_min_pf_ratio_scale"
"1",-1.03383227538386,-0.0185180117960236,-0.064010692886848,0.000817614438749995,0.822283114510744,0.28658545364746,-0.176846181083048,0.00816466453105238
