"","coef_(Intercept)","coef_age_scale","coef_female","coef_bmi","coef_factor(nee_pressor_dose)1","coef_factor(nee_pressor_dose)2","coef_sofa_score_scale","coef_min_pf_ratio_scale"
"1",-1.11885528755438,-0.0193394232212249,-0.0670555660074683,0.00181968570785742,0.824116613370432,0.319888456035755,-0.17565371344335,0.0107621599491495
