"","coef_(Intercept)","coef_age_scale","coef_female","coef_bmi","coef_factor(nee_pressor_dose)1","coef_factor(nee_pressor_dose)2","coef_sofa_score_scale","coef_min_pf_ratio_scale"
"1",-1.06684330587001,-0.0157604772198161,-0.0485269419183659,0.000116862978772768,0.834017635696734,0.27328700554046,-0.172352240207263,0.00611340387024334
