"","coef_(Intercept)","coef_age_scale","coef_female","coef_bmi","coef_factor(nee_pressor_dose)1","coef_factor(nee_pressor_dose)2","coef_sofa_score_scale","coef_min_pf_ratio_scale"
"1",-0.925435414760446,0.00274168980768054,-0.0372515511451621,0.000466268549037027,0.738793530464952,0.120004516821193,-0.369955795584789,-0.0309478828485081
